Method,Normalized Cross Correlation (NCC)
ground_truth,1.000318507803899
cufft,0.6734344906804192
fftw,0.8896828370251639
numpy_fft,0.8896828370251639
numpy_pointwise,0.8896828370251639
