Method (NCC),cufft,fftw,numpy_fft,numpy_pointwise
cufft,1.0004947282274772,0.707456606871041,0.707456606871041,0.7074566068710408
fftw,0.707456606871041,1.0002473641137386,1.0002473641137386,1.0002473641137386
numpy_fft,0.707456606871041,1.0002473641137386,1.0002473641137386,1.0002473641137386
numpy_pointwise,0.7074566068710408,1.0002473641137386,1.0002473641137386,1.0002473641137386
