Method (NCC),cufft,fftw,numpy_fft,numpy_pointwise
cufft,1.0004947282274774,0.7074566068710411,0.7074566068710411,0.7074566068710411
fftw,0.7074566068710411,1.0002473641137386,1.0002473641137388,1.0002473641137386
numpy_fft,0.7074566068710411,1.0002473641137388,1.0002473641137386,1.0002473641137386
numpy_pointwise,0.7074566068710411,1.0002473641137386,1.0002473641137386,1.0002473641137386
